Security,FB US Equity                                                    ,
Start Date,5/1/2015 0:00,
End Date,5/14/2021 0:00,
Period,D,
Currency,USD,
,,
Date,PX_LAST,PX_VOLUME
5/14/2021,315.94,19245724
5/13/2021,305.26,18079160
5/12/2021,302.55,24641010
5/11/2021,306.53,18920086
5/10/2021,305.97,24239170
5/7/2021,319.08,15916743
5/6/2021,320.02,19012241
5/5/2021,315.02,15577605
5/4/2021,318.36,24032557
5/3/2021,322.58,18719462
4/30/2021,325.08,26332423
4/29/2021,329.51,56526771
4/28/2021,307.1,33907210
4/27/2021,303.57,15309256
4/26/2021,303.04,16172593
4/23/2021,301.13,17559498
4/22/2021,296.52,16375350
4/21/2021,301.47,14863474
4/20/2021,302.65,16796442
4/19/2021,302.24,14553507
4/16/2021,306.18,13059163
4/15/2021,307.82,14558273
4/14/2021,302.82,17421393
4/13/2021,309.76,14036927
4/12/2021,311.54,10881935
4/9/2021,312.46,15988568
4/8/2021,313.02,20894148
4/7/2021,313.09,22855241
4/6/2021,306.26,17335246
4/5/2021,308.91,28237006
4/1/2021,298.66,17615980
3/31/2021,294.53,19498157
3/30/2021,288,17474537
3/29/2021,290.82,21718831
3/26/2021,283.02,17629185
3/25/2021,278.74,24505648
3/24/2021,282.14,18675046
3/23/2021,290.63,23000929
3/22/2021,293.54,28273073
3/19/2021,290.11,38930536
3/18/2021,278.62,18754853
3/17/2021,284.01,21315044
3/16/2021,279.28,22437665
3/15/2021,273.75,16856746
3/12/2021,268.4,20600198
3/11/2021,273.88,21833979
3/10/2021,264.9,14210318
3/9/2021,265.74,22039740
3/8/2021,255.31,18391768
3/5/2021,264.28,26820055
3/4/2021,257.64,31626463
3/3/2021,255.41,15513515
3/2/2021,259,15191722
3/1/2021,264.91,22157255
2/26/2021,257.62,26619517
2/25/2021,254.69,19053142
2/24/2021,264.31,15736123
2/23/2021,265.855,21924557
2/22/2021,260.33,17434873
2/19/2021,261.56,25622587
2/18/2021,269.39,15249134
2/17/2021,273.57,12763240
2/16/2021,273.97,15417243
2/12/2021,270.5,9097597
2/11/2021,270.39,12828572
2/10/2021,271.87,14687152
2/9/2021,269.45,14613375
2/8/2021,266.58,13755191
2/5/2021,268.1,12454367
2/4/2021,266.49,16059958
2/3/2021,266.65,14223377
2/2/2021,267.08,17320788
2/1/2021,262.01,22914255
1/29/2021,258.33,30389499
1/28/2021,265,37758844
1/27/2021,272.14,35346194
1/26/2021,282.05,19373636
1/25/2021,278.01,19086990
1/22/2021,274.5,21954042
1/21/2021,272.87,20838687
1/20/2021,267.48,25199919
1/19/2021,261.1,28028546
1/15/2021,251.36,24942930
1/14/2021,245.64,29739404
1/13/2021,251.64,19528938
1/12/2021,251.09,26449943
1/11/2021,256.84,30412286
1/8/2021,267.57,18528251
1/7/2021,268.74,15789756
1/6/2021,263.31,24354149
1/5/2021,270.97,9871557
1/4/2021,268.94,15106113
12/31/2020,273.16,12900408
12/30/2020,271.87,11803795
12/29/2020,276.78,16382995
12/28/2020,277,23299707
12/24/2020,267.4,6702033
12/23/2020,268.11,14329038
12/22/2020,267.09,17334999
12/21/2020,272.79,16553740
12/18/2020,276.4,26693249
12/17/2020,274.48,16377844
12/16/2020,275.67,15884999
12/15/2020,275.55,23979461
12/14/2020,274.19,16376880
12/11/2020,273.55,14391401
12/10/2020,277.12,20065091
12/9/2020,277.92,25189707
12/8/2020,283.4,10747650
12/7/2020,285.58,13007665
12/4/2020,279.7,10880299
12/3/2020,281.85,12921694
12/2/2020,287.52,17361624
12/1/2020,286.55,20777906
11/30/2020,276.97,16693336
11/27/2020,277.81,7808426
11/25/2020,275.59,12467009
11/24/2020,276.92,16930424
11/23/2020,268.43,20990786
11/20/2020,269.7,18122412
11/19/2020,272.94,12963658
11/18/2020,271.97,12152945
11/17/2020,275,15040297
11/16/2020,278.96,12970352
11/13/2020,276.95,10400101
11/12/2020,275.08,12914206
11/11/2020,276.48,14956950
11/10/2020,272.43,29067691
11/9/2020,278.77,25117650
11/6/2020,293.41,13890974
11/5/2020,294.68,23823633
11/4/2020,287.38,35364424
11/3/2020,265.3,17961859
11/2/2020,261.36,27165679
10/30/2020,263.11,47299002
10/29/2020,280.83,32368118
10/28/2020,267.67,23121808
10/27/2020,283.29,16287249
10/26/2020,277.11,21322925
10/23/2020,284.79,17535155
10/22/2020,278.12,16720026
10/21/2020,278.73,28998638
10/20/2020,267.56,18763246
10/19/2020,261.4,13586955
10/16/2020,265.93,16622702
10/15/2020,266.72,15416064
10/14/2020,271.82,15601154
10/13/2020,276.14,18063343
10/12/2020,275.75,31019256
10/9/2020,264.45,14107803
10/8/2020,263.76,16312762
10/7/2020,258.12,23133417
10/6/2020,258.66,18696917
10/5/2020,264.65,12822252
10/2/2020,259.94,16367597
10/1/2020,266.63,20009801
9/30/2020,261.9,20142546
9/29/2020,261.79,20215504
9/28/2020,256.82,18826254
9/25/2020,254.82,18351311
9/24/2020,249.53,20006750
9/23/2020,249.02,19641266
9/22/2020,254.75,30293103
9/21/2020,248.15,24709378
9/18/2020,252.53,28130767
9/17/2020,254.82,31281441
9/16/2020,263.52,29207594
9/15/2020,272.42,18478530
9/14/2020,266.15,24093830
9/11/2020,266.61,18913883
9/10/2020,268.09,24814669
9/9/2020,273.72,22918769
9/8/2020,271.16,24863997
9/4/2020,282.73,30333671
9/3/2020,291.12,32294092
9/2/2020,302.5,24341369
9/1/2020,295.44,17320872
8/31/2020,293.2,17345134
8/28/2020,293.66,17172415
8/27/2020,293.22,30301309
8/26/2020,303.91,69015151
8/25/2020,280.82,42127240
8/24/2020,271.39,23685603
8/21/2020,267.01,15538615
8/20/2020,269.01,20299688
8/19/2020,262.59,23291463
8/18/2020,262.34,18690383
8/17/2020,261.16,13351062
8/14/2020,261.24,14792708
8/13/2020,261.3,17373970
8/12/2020,259.89,21428329
8/11/2020,256.13,28238283
8/10/2020,263,30248826
8/7/2020,268.44,72766364
8/6/2020,265.28,45241611
8/5/2020,249.12,13088361
8/4/2020,249.83,17183533
8/3/2020,251.96,23134103
7/31/2020,253.67,53030037
7/30/2020,234.5,20615306
7/29/2020,233.29,13588317
7/28/2020,230.12,14170112
7/27/2020,233.5,13163083
7/24/2020,230.71,18325813
7/23/2020,232.6,21771802
7/22/2020,239.87,15427885
7/21/2020,241.75,19409687
7/20/2020,245.42,20872223
7/17/2020,242.03,18152413
7/16/2020,240.93,18880705
7/15/2020,240.28,19133562
7/14/2020,239.73,23378056
7/13/2020,239,24674874
7/10/2020,245.07,22982716
7/9/2020,244.5,22174896
7/8/2020,243.58,29791339
7/7/2020,240.86,27887786
7/6/2020,240.28,26206158
7/2/2020,233.42,30633620
7/1/2020,237.55,43399739
6/30/2020,227.07,33927068
6/29/2020,220.64,58514281
6/26/2020,216.08,76343939
6/25/2020,235.68,18704339
6/24/2020,234.02,20834904
6/23/2020,242.24,24017915
6/22/2020,239.22,18917782
6/19/2020,238.79,30081291
6/18/2020,235.94,15782452
6/17/2020,235.53,19578125
6/16/2020,235.65,15236691
6/15/2020,232.5,15340264
6/12/2020,228.58,22091387
6/11/2020,224.43,26708163
6/10/2020,236.73,20720709
6/9/2020,238.67,27462872
6/8/2020,231.4,15466499
6/5/2020,230.77,16750438
6/4/2020,226.29,17041481
6/3/2020,230.16,15380282
6/2/2020,232.72,20919018
6/1/2020,231.91,18223839
5/29/2020,225.09,23322476
5/28/2020,225.46,29423013
5/27/2020,229.14,34697553
5/26/2020,232.2,33178318
5/22/2020,234.91,33925564
5/21/2020,231.39,47782636
5/20/2020,229.97,50162875
5/19/2020,216.88,31843152
5/18/2020,213.19,20167443
5/15/2020,210.88,19383154
5/14/2020,206.81,17178947
5/13/2020,205.1,20684559
5/12/2020,210.1,14704647
5/11/2020,213.18,12911948
5/8/2020,212.35,12524048
5/7/2020,211.26,15151976
5/6/2020,208.47,21856963
5/5/2020,207.07,21071223
5/4/2020,205.26,19250673
5/1/2020,202.27,30415581
4/30/2020,204.71,46230116
4/29/2020,194.19,45954521
4/28/2020,182.91,21730986
4/27/2020,187.5,29197750
4/24/2020,190.07,28868528
4/23/2020,185.13,21426604
4/22/2020,182.28,33369931
4/21/2020,170.8,24850528
4/20/2020,178.24,16110664
4/17/2020,179.24,20974750
4/16/2020,176.25,23593229
4/15/2020,176.97,17423003
4/14/2020,178.17,21011815
4/13/2020,174.79,19355355
4/9/2020,175.19,23534287
4/8/2020,174.28,21664198
4/7/2020,168.83,31411919
4/6/2020,165.55,28453581
4/3/2020,154.18,25983317
4/2/2020,158.19,20886309
4/1/2020,159.6,19507559
3/31/2020,166.8,23676283
3/30/2020,165.95,22515225
3/27/2020,156.79,24879869
3/26/2020,163.34,26579021
3/25/2020,156.21,35184271
3/24/2020,160.98,30440369
3/23/2020,148.1,29830765
3/20/2020,149.73,32568398
3/19/2020,153.13,39862312
3/18/2020,146.96,37553136
3/17/2020,149.42,34255596
3/16/2020,146.01,39120419
3/13/2020,170.28,35028627
3/12/2020,154.47,43266335
3/11/2020,170.24,20397204
3/10/2020,178.19,24517791
3/9/2020,169.5,29949041
3/6/2020,181.09,24559550
3/5/2020,185.17,19333425
3/4/2020,191.76,23062473
3/3/2020,185.89,27984104
3/2/2020,196.44,24948955
2/28/2020,192.47,32583494
2/27/2020,189.75,21682626
2/26/2020,197.2,16555210
2/25/2020,196.77,21433487
2/24/2020,200.72,23080057
2/21/2020,210.18,14098432
2/20/2020,214.58,13109213
2/19/2020,217.49,12135114
2/18/2020,217.8,15630026
2/14/2020,214.18,10741747
2/13/2020,213.14,15396625
2/12/2020,210.76,13813704
2/11/2020,207.19,25030810
2/10/2020,213.06,11856350
2/7/2020,212.33,12242530
2/6/2020,210.85,10567533
2/5/2020,210.11,12538154
2/4/2020,209.83,19628890
2/3/2020,204.19,15510509
1/31/2020,201.91,31359917
1/30/2020,209.53,48775500
1/29/2020,223.23,33610005
1/28/2020,217.79,13413835
1/27/2020,214.87,13810655
1/24/2020,217.94,11905824
1/23/2020,219.76,11195000
1/22/2020,221.32,12212814
1/21/2020,221.44,14275784
1/17/2020,222.14,15905944
1/16/2020,221.77,10015288
1/15/2020,221.15,10036475
1/14/2020,219.06,13315361
1/13/2020,221.91,14494517
1/10/2020,218.06,12127432
1/9/2020,218.3,12679579
1/8/2020,215.22,13492703
1/7/2020,213.06,15111857
1/6/2020,212.6,17073861
1/3/2020,208.67,11197416
1/2/2020,209.78,12090707
12/31/2019,205.25,8962756
12/30/2019,204.41,10534441
12/27/2019,208.1,10287634
12/26/2019,207.79,9368273
12/24/2019,205.12,6046273
12/23/2019,206.18,13353194
12/20/2019,206.3,27315226
12/19/2019,206.06,16808184
12/18/2019,202.5,23284746
12/17/2019,198.39,10177605
12/16/2019,197.92,14922733
12/13/2019,194.11,18806020
12/12/2019,196.75,23766986
12/11/2019,202.26,8041827
12/10/2019,200.87,9485568
12/9/2019,201.34,12013218
12/6/2019,201.05,12279525
12/5/2019,199.36,9755350
12/4/2019,198.71,8459939
12/3/2019,198.82,13014170
12/2/2019,199.7,11542020
11/29/2019,201.64,7985231
11/27/2019,202,12760568
11/26/2019,198.97,11748664
11/25/2019,199.79,15286442
11/22/2019,198.82,9959817
11/21/2019,197.93,12130985
11/20/2019,197.51,12370240
11/19/2019,199.32,19070291
11/18/2019,197.4,16176107
11/15/2019,195.1,11530232
11/14/2019,193.15,9059897
11/13/2019,193.19,11009800
11/12/2019,194.47,17615454
11/11/2019,189.61,8637768
11/8/2019,190.84,10764784
11/7/2019,190.42,13472998
11/6/2019,191.55,10973019
11/5/2019,194.32,9941954
11/4/2019,194.72,16371292
11/1/2019,193.62,21711829
10/31/2019,191.65,42286529
10/30/2019,188.25,28734559
10/29/2019,189.31,13574874
10/28/2019,189.4,13657866
10/25/2019,187.89,8061240
10/24/2019,186.38,11505406
10/23/2019,186.15,12370819
10/22/2019,182.34,19854192
10/21/2019,189.76,8580744
10/18/2019,185.85,16882862
10/17/2019,190.39,9761548
10/16/2019,189.55,10560343
10/15/2019,188.89,15143119
10/14/2019,183.28,7203665
10/11/2019,184.19,14998754
10/10/2019,180.03,8980978
10/9/2019,179.85,7648874
10/8/2019,177.75,10084896
10/7/2019,179.68,9359793
10/4/2019,180.45,10476395
10/3/2019,179.38,16789319
10/2/2019,174.6,16374148
10/1/2019,175.81,17261556
9/30/2019,178.08,11071425
9/27/2019,177.1,14663575
9/26/2019,180.11,16280691
9/25/2019,182.8,18339960
9/24/2019,181.28,18775666
9/23/2019,186.82,14370089
9/20/2019,189.93,20359878
9/19/2019,190.14,10474685
9/18/2019,188.14,9945798
9/17/2019,188.08,9751570
9/16/2019,186.22,8444844
9/13/2019,187.19,11441116
9/12/2019,187.47,11419775
9/11/2019,188.49,11761660
9/10/2019,186.17,15455867
9/9/2019,188.76,14722402
9/6/2019,187.49,15226820
9/5/2019,190.9,13896621
9/4/2019,187.14,11314571
9/3/2019,182.39,9792187
8/30/2019,185.67,10785722
8/29/2019,185.57,10135033
8/28/2019,181.76,9392060
8/27/2019,181.3,14408946
8/26/2019,180.36,8780477
8/23/2019,177.75,17331221
8/22/2019,182.04,10829509
8/21/2019,183.55,8409548
8/20/2019,183.81,10087592
8/19/2019,186.17,9699661
8/16/2019,183.7,12844832
8/15/2019,182.59,13059640
8/14/2019,179.71,18903716
8/13/2019,188.45,13653319
8/12/2019,185.37,10936283
8/9/2019,187.85,11058811
8/8/2019,190.16,14828916
8/7/2019,185.15,15833197
8/6/2019,184.51,18035686
8/5/2019,181.73,23086655
8/2/2019,189.02,15296975
8/1/2019,192.73,17777013
7/31/2019,194.23,14593544
7/30/2019,197.04,11903558
7/29/2019,195.94,16530801
7/26/2019,199.75,24433985
7/25/2019,200.71,39889869
7/24/2019,204.66,32532540
7/23/2019,202.36,14583680
7/22/2019,202.32,13589024
7/19/2019,198.36,12098262
7/18/2019,200.78,11956554
7/17/2019,201.8,12083714
7/16/2019,203.84,12132720
7/15/2019,203.91,16030335
7/12/2019,204.87,15366272
7/11/2019,201.23,13678457
7/10/2019,202.73,20571702
7/9/2019,199.21,14698611
7/8/2019,195.76,9723858
7/5/2019,196.4,11164107
7/3/2019,197.2,10246119
7/2/2019,195,9049979
7/1/2019,193,14217138
6/28/2019,193,16378878
6/27/2019,189.5,11158983
6/26/2019,187.66,12808604
6/25/2019,188.84,16750309
6/24/2019,192.6,15508955
6/21/2019,191.14,22751159
6/20/2019,189.53,14635740
6/19/2019,187.48,21417092
6/18/2019,188.47,37571352
6/17/2019,189.01,29459881
6/14/2019,181.33,16773691
6/13/2019,177.47,12253569
6/12/2019,175.04,17699806
6/11/2019,178.1,15266644
6/10/2019,174.82,14767918
6/7/2019,173.35,16917343
6/6/2019,168.33,12446354
6/5/2019,168.17,19758317
6/4/2019,167.5,46044256
6/3/2019,164.15,56059609
5/31/2019,177.47,15226536
5/30/2019,183.01,8581544
5/29/2019,182.19,12797685
5/28/2019,184.31,14843308
5/24/2019,181.06,8807701
5/23/2019,180.87,12768835
5/22/2019,185.32,9213801
5/21/2019,184.82,7502820
5/20/2019,182.72,10351981
5/17/2019,185.3,10485370
5/16/2019,186.99,12953111
5/15/2019,186.27,16746904
5/14/2019,180.73,17628142
5/13/2019,181.54,16833347
5/10/2019,188.34,12578508
5/9/2019,188.65,12967033
5/8/2019,189.54,12505737
5/7/2019,189.77,16253001
5/6/2019,193.88,13994932
5/3/2019,195.47,14575434
5/2/2019,192.53,13209452
5/1/2019,193.03,15996646
4/30/2019,193.4,23494689
4/29/2019,194.78,19641310
4/26/2019,191.49,22075002
4/25/2019,193.26,54148789
4/24/2019,182.58,37289871
4/23/2019,183.78,19954814
4/22/2019,181.44,13389889
4/18/2019,178.28,11655608
4/17/2019,178.78,9973732
4/16/2019,178.87,11215193
4/15/2019,179.65,10834762
4/12/2019,179.1,12329812
4/11/2019,177.51,8070967
4/10/2019,177.82,11701479
4/9/2019,177.58,19751031
4/8/2019,174.93,7297379
4/5/2019,175.72,9594133
4/4/2019,176.02,17847731
4/3/2019,173.54,27590058
4/2/2019,174.2,23946529
4/1/2019,168.7,10381490
3/29/2019,166.69,13455454
3/28/2019,165.55,10689171
3/27/2019,165.87,10620299
3/26/2019,167.68,15437920
3/25/2019,166.29,12631230
3/22/2019,164.34,16389185
3/21/2019,166.08,16223007
3/20/2019,165.44,20211474
3/19/2019,161.57,25611488
3/18/2019,160.47,37524191
3/15/2019,165.98,37126000
3/14/2019,170.17,18037364
3/13/2019,173.37,11973280
3/12/2019,171.92,12155264
3/11/2019,172.07,18883983
3/8/2019,169.6,13184831
3/7/2019,169.13,18306504
3/6/2019,172.51,21531723
3/5/2019,171.26,28187890
3/4/2019,167.37,18894689
3/1/2019,162.28,11097770
2/28/2019,161.45,11114185
2/27/2019,162.81,12697485
2/26/2019,164.13,13784063
2/25/2019,164.62,18737106
2/22/2019,161.89,15858468
2/21/2019,160.04,15607828
2/20/2019,162.56,11770692
2/19/2019,162.29,14345390
2/15/2019,162.5,15504415
2/14/2019,163.95,12755151
2/13/2019,164.07,14205146
2/12/2019,165.04,16292290
2/11/2019,165.79,12811176
2/8/2019,167.33,12561422
2/7/2019,166.38,17517609
2/6/2019,170.49,13281161
2/5/2019,171.16,22556985
2/4/2019,169.25,20036470
2/1/2019,165.71,30806513
1/31/2019,166.69,77233602
1/30/2019,150.42,44613240
1/29/2019,144.19,17631953
1/28/2019,147.47,15508483
1/25/2019,149.01,22250954
1/24/2019,145.83,20955518
1/23/2019,144.3,20098415
1/22/2019,147.57,22378694
1/18/2019,150.04,31029612
1/17/2019,148.3,15787914
1/16/2019,147.54,18025714
1/15/2019,148.95,24068822
1/14/2019,145.39,20520278
1/11/2019,143.8,12908031
1/10/2019,144.2,16125004
1/9/2019,144.23,22205879
1/8/2019,142.53,26263793
1/7/2019,138.05,20089337
1/4/2019,137.95,29002059
1/3/2019,131.74,22717948
1/2/2019,135.68,28146193
12/31/2018,131.09,24625308
12/28/2018,133.2,22627569
12/27/2018,134.52,31202509
12/26/2018,134.18,39723370
12/24/2018,124.06,22066002
12/21/2018,124.95,56901491
12/20/2018,133.4,40297944
12/19/2018,133.24,57404894
12/18/2018,143.66,24709084
12/17/2018,140.19,24333959
12/14/2018,144.06,21785820
12/13/2018,145.01,18148610
12/12/2018,144.5,23696936
12/11/2018,142.08,20300349
12/10/2018,141.85,26422173
12/7/2018,137.42,21195460
12/6/2018,139.63,28218145
12/4/2018,137.93,30307400
12/3/2018,141.09,24819226
11/30/2018,140.61,25732577
11/29/2018,138.68,24238713
11/28/2018,136.76,29847505
11/27/2018,135,20750318
11/26/2018,136.38,24263640
11/23/2018,131.73,11886128
11/21/2018,134.82,25469735
11/20/2018,132.43,41939475
11/19/2018,131.55,44362729
11/16/2018,139.53,37250560
11/15/2018,143.85,30320280
11/14/2018,144.22,22068384
11/13/2018,142.16,15141710
11/12/2018,141.55,18542123
11/9/2018,144.96,17326898
11/8/2018,147.87,24145814
11/7/2018,151.53,21877372
11/6/2018,149.94,16667124
11/5/2018,148.68,15969849
11/2/2018,150.35,24708695
11/1/2018,151.75,25640786
10/31/2018,151.79,60101251
10/30/2018,146.22,50528278
10/29/2018,142.09,31336784
10/26/2018,145.37,31303341
10/25/2018,150.95,22105696
10/24/2018,146.04,27744597
10/23/2018,154.39,19095032
10/22/2018,154.78,15424658
10/19/2018,154.05,19761347
10/18/2018,154.92,21675084
10/17/2018,159.42,17592003
10/16/2018,158.78,19180095
10/15/2018,153.52,15433521
10/12/2018,153.74,25293492
10/11/2018,153.35,35338901
10/10/2018,151.38,30609970
10/9/2018,157.9,18844425
10/8/2018,157.25,24045968
10/5/2018,157.33,25744047
10/4/2018,158.85,25739635
10/3/2018,162.43,23109456
10/2/2018,159.33,36030977
10/1/2018,162.44,26407677
9/28/2018,164.46,34265638
9/27/2018,168.84,27266856
9/26/2018,166.95,25252231
9/25/2018,164.91,27622806
9/24/2018,165.41,19222775
9/21/2018,162.93,45994800
9/20/2018,166.02,18936038
9/19/2018,163.06,19628996
9/18/2018,160.3,22465236
9/17/2018,160.58,21005321
9/14/2018,162.32,21770405
9/13/2018,161.36,25453775
9/12/2018,162,24078118
9/11/2018,165.94,20457088
9/10/2018,164.18,20197680
9/7/2018,163.04,24300600
9/6/2018,162.53,41514834
9/5/2018,167.18,31226744
9/4/2018,171.16,29808971
8/31/2018,175.73,18065159
8/30/2018,177.64,24216532
8/29/2018,175.9,18678301
8/28/2018,176.26,15910675
8/27/2018,177.46,17921935
8/24/2018,174.645,14631556
8/23/2018,172.9,18053567
8/22/2018,173.64,16894083
8/21/2018,172.62,19578514
8/20/2018,172.5,21518006
8/17/2018,173.8,24893176
8/16/2018,174.7,31351784
8/15/2018,179.53,33020231
8/14/2018,181.11,19101995
8/13/2018,180.05,17423264
8/10/2018,180.26,21500410
8/9/2018,183.09,19732120
8/8/2018,185.18,22205230
8/7/2018,183.81,33398562
8/6/2018,185.69,49716192
8/3/2018,177.78,24763434
8/2/2018,176.37,32399954
8/1/2018,171.65,34042109
7/31/2018,172.58,40356471
7/30/2018,171.06,65280787
7/27/2018,174.89,60073749
7/26/2018,176.26,169803668
7/25/2018,217.5,64618763
7/24/2018,214.67,28468681
7/23/2018,210.91,16731969
7/20/2018,209.94,16241508
7/19/2018,208.09,11350429
7/18/2018,209.36,15334907
7/17/2018,209.99,15349892
7/16/2018,207.23,11078209
7/13/2018,207.32,11503401
7/12/2018,206.92,15454706
7/11/2018,202.54,12927377
7/10/2018,203.54,13190067
7/9/2018,204.74,18149437
7/6/2018,203.23,19740131
7/5/2018,198.45,19684193
7/3/2018,192.73,13489514
7/2/2018,197.36,13961578
6/29/2018,194.32,15811602
6/28/2018,196.23,18172439
6/27/2018,195.84,18734408
6/26/2018,199,17897576
6/25/2018,196.35,25275137
6/22/2018,201.74,17420188
6/21/2018,201.5,19045717
6/20/2018,202,28230933
6/19/2018,197.49,19993996
6/18/2018,198.31,16826023
6/15/2018,195.85,21860931
6/14/2018,196.81,19120866
6/13/2018,192.41,15853821
6/12/2018,192.4,11562704
6/11/2018,191.54,12928907
6/8/2018,189.1,12677092
6/7/2018,188.18,21503171
6/6/2018,191.34,22558920
6/5/2018,192.94,15544294
6/4/2018,193.28,18939795
6/1/2018,193.99,17307245
5/31/2018,191.78,30782631
5/30/2018,187.67,13736866
5/29/2018,185.74,16398937
5/25/2018,184.92,10965061
5/24/2018,185.93,12354742
5/23/2018,186.9,16628100
5/22/2018,183.8,12731419
5/21/2018,184.49,13532864
5/18/2018,182.68,13130451
5/17/2018,183.76,14840675
5/16/2018,183.2,16975495
5/15/2018,184.32,15429433
5/14/2018,186.64,15646744
5/11/2018,186.99,21207848
5/10/2018,185.53,21071403
5/9/2018,182.66,23282811
5/8/2018,178.92,15577211
5/7/2018,177.97,18697195
5/4/2018,176.61,17677844
5/3/2018,174.02,24026071
5/2/2018,176.07,30424450
5/1/2018,173.86,26025932
4/30/2018,172,20750478
4/27/2018,173.59,29804657
4/26/2018,174.16,77556934
4/25/2018,159.69,41083581
4/24/2018,159.69,35079926
4/23/2018,165.84,23088102
4/20/2018,166.28,19119438
4/19/2018,168.1,22234961
4/18/2018,166.36,20969568
4/17/2018,168.66,22743029
4/16/2018,164.83,18119435
4/13/2018,164.52,19990561
4/12/2018,163.87,38262956
4/11/2018,166.32,56144633
4/10/2018,165.04,58947041
4/9/2018,157.93,34915227
4/6/2018,157.2,41644812
4/5/2018,159.34,41449609
4/4/2018,155.1,49885584
4/3/2018,156.11,42543865
4/2/2018,155.39,36795991
3/29/2018,159.79,59434293
3/28/2018,153.03,60029170
3/27/2018,152.22,79116995
3/26/2018,160.06,126116634
3/23/2018,159.39,53609706
3/22/2018,164.89,73742979
3/21/2018,169.39,106598834
3/20/2018,168.15,129851768
3/19/2018,172.56,88140060
3/16/2018,185.09,24403438
3/15/2018,183.86,15645035
3/14/2018,184.19,16821728
3/13/2018,181.88,18067477
3/12/2018,184.76,15301229
3/9/2018,185.23,18526292
3/8/2018,182.34,17225946
3/7/2018,183.71,19097293
3/6/2018,179.78,15086784
3/5/2018,180.4,16189280
3/2/2018,176.62,20025905
3/1/2018,175.94,23201626
2/28/2018,178.32,18783039
2/27/2018,181.46,15849806
2/26/2018,184.93,17599703
2/23/2018,183.29,19007288
2/22/2018,178.99,18464192
2/21/2018,177.91,23200804
2/20/2018,176.01,21204921
2/16/2018,177.36,21015610
2/15/2018,179.96,20922120
2/14/2018,179.52,28929704
2/13/2018,173.15,21809350
2/12/2018,176.41,32092133
2/9/2018,176.11,39887626
2/8/2018,171.58,38478321
2/7/2018,180.18,27601886
2/6/2018,185.31,37758505
2/5/2018,181.26,33128206
2/2/2018,190.28,26677484
2/1/2018,193.09,54211293
1/31/2018,186.89,43275144
1/30/2018,187.12,20858556
1/29/2018,185.98,20453172
1/26/2018,190,17759212
1/25/2018,187.48,17377740
1/24/2018,186.55,24334548
1/23/2018,189.35,25678781
1/22/2018,185.37,21059464
1/19/2018,181.29,26826540
1/18/2018,179.8,23304901
1/17/2018,177.6,27992376
1/16/2018,178.39,36183842
1/12/2018,179.37,77551299
1/11/2018,187.77,9588587
1/10/2018,187.84,10529894
1/9/2018,187.87,12393057
1/8/2018,188.28,17994726
1/5/2018,186.85,13574535
1/4/2018,184.33,13880896
1/3/2018,184.67,16886563
1/2/2018,181.42,18151903
12/29/2017,176.46,10261456
12/28/2017,177.92,12220760
12/27/2017,177.62,9496071
12/26/2017,175.99,8897286
12/22/2017,177.2,8509451
12/21/2017,177.45,11600700
12/20/2017,177.89,11860497
12/19/2017,179.51,14920582
12/18/2017,180.82,17265376
12/15/2017,180.18,28463101
12/14/2017,178.39,13590999
12/13/2017,178.3,14615718
12/12/2017,176.96,16854098
12/11/2017,179.04,13168575
12/8/2017,179,19883764
12/7/2017,180.14,20404533
12/6/2017,176.06,20255846
12/5/2017,172.83,20184908
12/4/2017,171.47,24459422
12/1/2017,175.1,20182523
11/30/2017,177.18,25307601
11/29/2017,175.13,41933484
11/28/2017,182.42,14379674
11/27/2017,183.03,12344516
11/24/2017,182.78,9426283
11/22/2017,180.87,10376329
11/21/2017,181.86,14503990
11/20/2017,178.74,10052391
11/17/2017,179,13017980
11/16/2017,179.59,15607582
11/15/2017,177.95,10253667
11/14/2017,178.07,9585868
11/13/2017,178.77,9523447
11/10/2017,178.46,11070189
11/9/2017,179.3,12610335
11/8/2017,179.56,10494149
11/7/2017,180.25,12928182
11/6/2017,180.17,13312741
11/3/2017,178.92,17822131
11/2/2017,178.92,35529893
11/1/2017,182.66,40918341
10/31/2017,180.06,20174231
10/30/2017,179.87,24353160
10/27/2017,177.88,30285281
10/26/2017,170.63,11833141
10/25/2017,170.6,15868197
10/24/2017,171.8,12267913
10/23/2017,171.27,13852658
10/20/2017,174.98,12602238
10/19/2017,174.56,14048350
10/18/2017,176.03,12752351
10/17/2017,176.11,15990079
10/16/2017,174.52,11498752
10/13/2017,173.74,13658307
10/12/2017,172.55,10351044
10/11/2017,172.74,11283663
10/10/2017,171.59,11341081
10/9/2017,172.5,14570413
10/6/2017,172.23,13124473
10/5/2017,171.24,14580628
10/4/2017,168.42,12127887
10/3/2017,169.96,8190273
10/2/2017,169.47,13392280
9/29/2017,170.87,15340366
9/28/2017,168.73,12178747
9/27/2017,167.68,19242548
9/26/2017,164.21,23363335
9/25/2017,162.87,41251583
9/22/2017,170.54,12097138
9/21/2017,171.11,11161412
9/20/2017,172.17,12264125
9/19/2017,172.52,13168595
9/18/2017,170.01,12954013
9/15/2017,171.64,15660539
9/14/2017,170.96,15615654
9/13/2017,173.05,9119295
9/12/2017,172.96,11186328
9/11/2017,173.51,12372040
9/8/2017,170.95,10998459
9/7/2017,173.21,18049527
9/6/2017,172.09,13906342
9/5/2017,170.72,13221127
9/1/2017,172.02,11677589
8/31/2017,171.97,17226465
8/30/2017,169.92,11138293
8/29/2017,168.05,11120986
8/28/2017,167.24,8553741
8/25/2017,166.32,12614477
8/24/2017,167.74,14030420
8/23/2017,168.71,9856473
8/22/2017,169.64,11390975
8/21/2017,167.78,11907488
8/18/2017,167.41,15093638
8/17/2017,166.91,17216030
8/16/2017,170,15779924
8/15/2017,171,8729172
8/14/2017,170.75,12954231
8/11/2017,168.08,13791153
8/10/2017,167.4,20832746
8/9/2017,171.18,10814984
8/8/2017,171.23,14393524
8/7/2017,171.98,12787844
8/4/2017,169.62,10777727
8/3/2017,168.59,10793841
8/2/2017,169.3,17433774
8/1/2017,169.86,14384957
7/31/2017,169.25,25478945
7/28/2017,172.45,24557553
7/27/2017,170.44,68910708
7/26/2017,165.61,35236867
7/25/2017,165.28,15383241
7/24/2017,166,17366971
7/21/2017,164.43,14744002
7/20/2017,164.53,18523107
7/19/2017,164.14,26273642
7/18/2017,162.86,23722910
7/17/2017,159.73,12858836
7/14/2017,159.97,16371207
7/13/2017,159.26,13929236
7/12/2017,158.9,22739388
7/11/2017,155.27,13667744
7/10/2017,153.5,13378672
7/7/2017,151.44,13615931
7/6/2017,148.82,14951802
7/5/2017,150.34,14334290
7/3/2017,148.43,13862735
6/30/2017,150.98,17666022
6/29/2017,151.04,23973482
6/28/2017,153.24,16719104
6/27/2017,150.58,19360766
6/26/2017,153.59,18049651
6/23/2017,155.07,18026977
6/22/2017,153.4,13005535
6/21/2017,153.91,15039834
6/20/2017,152.25,14743853
6/19/2017,152.87,19026462
6/16/2017,150.64,22882417
6/15/2017,149.8,18994152
6/14/2017,150.25,20808759
6/13/2017,150.68,20483350
6/12/2017,148.44,33170180
6/9/2017,149.6,35577676
6/8/2017,154.71,17799449
6/7/2017,153.12,12066657
6/6/2017,152.81,13457119
6/5/2017,153.63,12520387
6/2/2017,153.61,16854365
6/1/2017,151.53,14530600
5/31/2017,151.46,18023917
5/30/2017,152.38,13226007
5/26/2017,152.13,14996185
5/25/2017,151.96,19891352
5/24/2017,150.04,17940668
5/23/2017,148.07,12817837
5/22/2017,148.24,12586712
5/19/2017,148.06,16187892
5/18/2017,147.66,23031566
5/17/2017,144.85,28300050
5/16/2017,149.78,14550830
5/15/2017,150.19,15064664
5/12/2017,150.33,9598229
5/11/2017,150.04,11841864
5/10/2017,150.29,12080650
5/9/2017,150.48,17453859
5/8/2017,151.06,15827488
5/5/2017,150.24,17148543
5/4/2017,150.85,36225452
5/3/2017,151.8,29782492
5/2/2017,152.78,21870380
5/1/2017,152.46,25218300
4/28/2017,150.25,30652248
4/27/2017,147.7,11275112
4/26/2017,146.56,12394959
4/25/2017,146.49,17767523
4/24/2017,145.47,14407175
4/21/2017,143.68,12382002
4/20/2017,143.8,15968164
4/19/2017,142.27,15563945
4/18/2017,140.96,14807472
4/17/2017,141.42,11519663
4/13/2017,139.39,10965614
4/12/2017,139.58,11612456
4/11/2017,139.92,16638087
4/10/2017,141.04,9039366
4/7/2017,140.78,11818341
4/6/2017,141.17,15103426
4/5/2017,141.85,17158059
4/4/2017,141.73,12948599
4/3/2017,142.28,13563960
3/31/2017,142.05,11478265
3/30/2017,142.41,12403997
3/29/2017,142.65,16527574
3/28/2017,141.76,14679436
3/27/2017,140.32,12800544
3/24/2017,140.34,16664683
3/23/2017,139.53,13022801
3/22/2017,139.59,17055449
3/21/2017,138.51,29894784
3/20/2017,139.94,12099471
3/17/2017,139.84,20592818
3/16/2017,139.99,13612942
3/15/2017,139.72,19344826
3/14/2017,139.32,12944018
3/13/2017,139.6,10955450
3/10/2017,138.79,16314113
3/9/2017,138.24,15535259
3/8/2017,137.72,10184514
3/7/2017,137.3,13527132
3/6/2017,137.42,12748179
3/3/2017,137.17,11160563
3/2/2017,136.76,12294804
3/1/2017,137.42,16257010
2/28/2017,135.54,16112092
2/27/2017,136.41,14306668
2/24/2017,135.44,12625742
2/23/2017,135.36,18422549
2/22/2017,136.12,27360092
2/21/2017,133.72,14759109
2/17/2017,133.53,12276490
2/16/2017,133.84,12831092
2/15/2017,133.44,13226534
2/14/2017,133.85,14364877
2/13/2017,134.05,13526221
2/10/2017,134.19,15061939
2/9/2017,134.14,16470609
2/8/2017,134.2,22390556
2/7/2017,131.84,14596449
2/6/2017,132.06,17058494
2/3/2017,130.98,24804890
2/2/2017,130.84,54366447
2/1/2017,133.23,50139775
1/31/2017,130.32,19790484
1/30/2017,130.98,18956095
1/27/2017,132.18,19539514
1/26/2017,132.78,20020141
1/25/2017,131.48,18777314
1/24/2017,129.37,15162724
1/23/2017,128.93,16593563
1/20/2017,127.04,19097223
1/19/2017,127.55,12195465
1/18/2017,127.92,13145852
1/17/2017,127.87,15294460
1/13/2017,128.34,24884325
1/12/2017,126.62,18653914
1/11/2017,126.09,18356523
1/10/2017,124.35,17324590
1/9/2017,124.9,22880360
1/6/2017,123.41,28545263
1/5/2017,120.67,19492150
1/4/2017,118.69,19630932
1/3/2017,116.86,20663912
12/30/2016,115.05,18684106
12/29/2016,116.35,9934873
12/28/2016,116.92,12087377
12/27/2016,118.01,12051481
12/23/2016,117.27,10889985
12/22/2016,117.4,16258587
12/21/2016,119.04,10767646
12/20/2016,119.09,13684402
12/19/2016,119.24,15918146
12/16/2016,119.87,25324299
12/15/2016,120.57,20139568
12/14/2016,120.21,25913095
12/13/2016,120.31,29768028
12/12/2016,117.77,17805527
12/9/2016,119.68,17464736
12/8/2016,118.91,22442756
12/7/2016,117.95,21913658
12/6/2016,117.31,19131202
12/5/2016,117.43,20201528
12/2/2016,115.4,25070364
12/1/2016,115.1,43276994
11/30/2016,118.42,30188922
11/29/2016,120.87,18890956
11/28/2016,120.41,18101314
11/25/2016,120.38,8658605
11/23/2016,120.84,15672136
11/22/2016,121.47,26089163
11/21/2016,121.77,35415366
11/18/2016,117.02,22879303
11/17/2016,117.79,18597766
11/16/2016,116.34,32397947
11/15/2016,117.2,34681369
11/14/2016,115.08,51377040
11/11/2016,119.02,32840137
11/10/2016,120.8,67846704
11/9/2016,123.18,31916020
11/8/2016,124.22,19460768
11/7/2016,122.15,23008880
11/4/2016,120.75,30545466
11/3/2016,120,63766259
11/2/2016,127.17,50190225
11/1/2016,129.5,22077779
10/31/2016,130.99,15668982
10/28/2016,131.29,24545547
10/27/2016,129.69,16741393
10/26/2016,131.04,13084731
10/25/2016,132.29,13336787
10/24/2016,133.28,17470227
10/21/2016,132.07,19088794
10/20/2016,130,13167503
10/19/2016,130.11,16752321
10/18/2016,128.57,13503967
10/17/2016,127.54,11351681
10/14/2016,127.88,13345292
10/13/2016,127.82,17139306
10/12/2016,129.05,11072991
10/11/2016,128.88,17537928
10/10/2016,130.24,15138720
10/7/2016,128.99,12804420
10/6/2016,128.74,11682729
10/5/2016,128.47,12386753
10/4/2016,128.19,14307548
10/3/2016,128.77,13156943
9/30/2016,128.27,18402945
9/29/2016,128.09,14532241
9/28/2016,129.23,12047636
9/27/2016,128.69,15637111
9/26/2016,127.31,15064940
9/23/2016,127.96,28326266
9/22/2016,130.08,15538307
9/21/2016,129.94,14068336
9/20/2016,128.64,11083808
9/19/2016,128.65,14958794
9/16/2016,129.07,24119174
9/15/2016,128.35,15111838
9/14/2016,127.77,15720388
9/13/2016,127.21,18016152
9/12/2016,128.69,21252752
9/9/2016,127.1,27100679
9/8/2016,130.27,15676595
9/7/2016,131.05,27990796
9/6/2016,129.73,26278407
9/2/2016,126.51,12118773
9/1/2016,126.17,13536125
8/31/2016,126.12,14200636
8/30/2016,125.84,17804286
8/29/2016,126.54,15925900
8/26/2016,124.96,17504825
8/25/2016,123.89,10730811
8/24/2016,123.48,12243719
8/23/2016,124.37,13309452
8/22/2016,124.15,14386361
8/19/2016,123.56,11688265
8/18/2016,123.91,12400816
8/17/2016,124.37,13794179
8/16/2016,123.3,14222410
8/15/2016,123.9,19295130
8/12/2016,124.88,12158955
8/11/2016,124.9,11729519
8/10/2016,124.88,10670148
8/9/2016,125.06,19620967
8/8/2016,125.26,15233929
8/5/2016,125.15,20184035
8/4/2016,124.36,21065974
8/3/2016,122.51,18525332
8/2/2016,123.09,23968414
8/1/2016,124.31,25006850
7/29/2016,123.94,35058803
7/28/2016,125,78955758
7/27/2016,123.34,52654239
7/26/2016,121.22,17611964
7/25/2016,121.63,18487449
7/22/2016,121,18422410
7/21/2016,120.61,17801663
7/20/2016,121.92,20046452
7/19/2016,120.61,21541292
7/18/2016,119.37,20868367
7/15/2016,116.86,16645964
7/14/2016,117.29,14579736
7/13/2016,116.78,16207662
7/12/2016,117.93,15217700
7/11/2016,117.87,17711570
7/8/2016,117.24,18142597
7/7/2016,115.85,16623843
7/6/2016,116.7,24337586
7/5/2016,114,14207037
7/1/2016,114.19,14980023
6/30/2016,114.28,23192716
6/29/2016,114.16,20968273
6/28/2016,112.7,26813842
6/27/2016,108.97,36409606
6/24/2016,112.08,40643130
6/23/2016,115.08,16176895
6/22/2016,113.91,14846329
6/21/2016,114.38,19166269
6/20/2016,113.37,20785390
6/17/2016,113.02,24644308
6/16/2016,114.39,19236255
6/15/2016,114.6,19819432
6/14/2016,114.94,17618479
6/13/2016,113.95,31718239
6/10/2016,116.62,18510826
6/9/2016,118.56,13859240
6/8/2016,118.39,14505596
6/7/2016,117.76,17103023
6/6/2016,118.79,12744676
6/3/2016,118.47,14135114
6/2/2016,118.93,13227922
6/1/2016,118.78,15029494
5/31/2016,118.81,23547597
5/27/2016,119.38,13493563
5/26/2016,119.47,18481340
5/25/2016,117.89,20035494
5/24/2016,117.7,20183627
5/23/2016,115.97,20441004
5/20/2016,117.35,18944831
5/19/2016,116.81,20544109
5/18/2016,117.65,21642299
5/17/2016,117.35,21328648
5/16/2016,118.67,31247834
5/13/2016,119.81,18124286
5/12/2016,120.28,22035465
5/11/2016,119.52,22038396
5/10/2016,120.5,23218308
5/9/2016,119.24,21138059
5/6/2016,119.49,26395568
5/5/2016,117.81,22056749
5/4/2016,118.06,23448440
5/3/2016,117.43,24117463
5/2/2016,118.57,28095168
4/29/2016,117.58,37140594
4/28/2016,116.73,87110080
4/27/2016,108.89,52213107
4/26/2016,108.76,22521534
4/25/2016,110.1,21017895
4/22/2016,110.56,38458201
4/21/2016,113.44,20875230
4/20/2016,112.42,21027901
4/19/2016,112.29,30210455
4/18/2016,110.45,21167199
4/15/2016,109.64,20922803
4/14/2016,110.84,28473322
4/13/2016,110.51,88227393
4/12/2016,110.61,26248081
4/11/2016,108.99,39762304
4/8/2016,110.63,48497808
4/7/2016,113.64,20714537
4/6/2016,113.71,20814640
4/5/2016,112.22,22962365
4/4/2016,112.55,48487913
4/1/2016,116.06,24760504
3/31/2016,114.1,21207526
3/30/2016,114.7,33235184
3/29/2016,116.14,29825340
3/28/2016,113.69,21351751
3/24/2016,113.05,17839119
3/23/2016,112.54,18561974
3/22/2016,112.25,19001076
3/21/2016,111.85,18447974
3/18/2016,111.45,36256877
3/17/2016,111.02,24241247
3/16/2016,112.18,24744778
3/15/2016,110.67,17618460
3/14/2016,109.89,17249365
3/11/2016,109.41,20697553
3/10/2016,107.32,24854284
3/9/2016,107.51,20493305
3/8/2016,105.93,25616963
3/7/2016,105.73,31534055
3/4/2016,108.39,24938858
3/3/2016,109.58,21353092
3/2/2016,109.95,25670170
3/1/2016,109.82,26817309
2/29/2016,106.92,32778992
2/26/2016,107.92,26686193
2/25/2016,108.07,29906278
2/24/2016,106.88,34412437
2/23/2016,105.46,25319315
2/22/2016,107.16,35709714
2/19/2016,104.57,32404516
2/18/2016,103.47,29593508
2/17/2016,105.2,44073369
2/16/2016,101.61,45687224
2/12/2016,102.01,36176760
2/11/2016,101.91,43670634
2/10/2016,101,45179370
2/9/2016,99.54,62709018
2/8/2016,99.75,71229746
2/5/2016,104.07,76894741
2/4/2016,110.49,38890199
2/3/2016,112.69,56919324
2/2/2016,114.61,59778571
2/1/2016,115.09,46132726
1/29/2016,112.21,62739548
1/28/2016,109.11,107475327
1/27/2016,94.45,58699359
1/26/2016,97.34,26877080
1/25/2016,97.01,32482015
1/22/2016,97.94,30495387
1/21/2016,94.16,30518939
1/20/2016,94.35,59051429
1/19/2016,95.26,30998256
1/15/2016,94.97,46132781
1/14/2016,98.37,48658623
1/13/2016,95.44,33410553
1/12/2016,99.37,28395390
1/11/2016,97.51,29932385
1/8/2016,97.33,35402298
1/7/2016,97.92,45172906
1/6/2016,102.97,25096183
1/5/2016,102.73,23258238
1/4/2016,102.22,37912403
12/31/2015,104.66,18391064
12/30/2015,106.22,13115007
12/29/2015,107.26,17179901
12/28/2015,105.93,13069733
12/24/2015,105.02,6512134
12/23/2015,104.63,19599673
12/22/2015,105.51,14597122
12/21/2015,104.77,16138786
12/18/2015,104.04,35994199
12/17/2015,106.22,21675686
12/16/2015,106.79,22680547
12/15/2015,104.55,21764331
12/14/2015,104.66,24813496
12/11/2015,102.12,26427727
12/10/2015,105.42,17454312
12/9/2015,104.6,23517268
12/8/2015,106.49,20401791
12/7/2015,105.61,15474890
12/4/2015,106.18,21224721
12/3/2015,104.38,23236485
12/2/2015,106.07,24429063
12/1/2015,107.12,22781868
11/30/2015,104.24,20383179
11/27/2015,105.45,5913066
11/25/2015,105.41,15150785
11/24/2015,105.74,23577293
11/23/2015,106.95,19897220
11/20/2015,107.32,22129648
11/19/2015,106.26,25520599
11/18/2015,107.77,23836526
11/17/2015,105.13,26807230
11/16/2015,104.04,49309167
11/13/2015,103.95,30278403
11/12/2015,108.02,20924674
11/11/2015,109.01,25057099
11/10/2015,107.91,25031681
11/9/2015,106.49,26383540
11/6/2015,107.095,35084342
11/5/2015,108.76,63232861
11/4/2015,103.94,43469308
11/3/2015,102.58,21242341
11/2/2015,103.31,24003944
10/30/2015,101.97,33487104
10/29/2015,104.88,20316691
10/28/2015,104.2,24081515
10/27/2015,103.7,23795472
10/26/2015,103.77,25961212
10/23/2015,102.19,42809661
10/22/2015,99.67,26392075
10/21/2015,97.11,22003730
10/20/2015,97,30881777
10/19/2015,98.47,23729924
10/16/2015,97.54,25412856
10/15/2015,95.96,27557516
10/14/2015,94.07,19253351
10/13/2015,94.12,19480347
10/12/2015,94.26,18449562
10/9/2015,93.24,20012911
10/8/2015,92.47,27290523
10/7/2015,92.4,24129277
10/6/2015,92.8,22488275
10/5/2015,94.01,27292517
10/2/2015,92.07,37881652
10/1/2015,90.95,29283652
9/30/2015,89.9,36169146
9/29/2015,86.67,42281838
9/28/2015,89.21,41199870
9/25/2015,92.77,28961622
9/24/2015,94.41,29105964
9/23/2015,93.97,21701427
9/22/2015,92.96,36888893
9/21/2015,95.55,28789973
9/18/2015,94.4,62299984
9/17/2015,94.34,27841803
9/16/2015,93.45,16321193
9/15/2015,92.9,18859351
9/14/2015,92.31,20127871
9/11/2015,92.05,21185049
9/10/2015,91.98,26437398
9/9/2015,90.44,32551123
9/8/2015,89.53,27012543
9/4/2015,88.26,27328667
9/3/2015,88.15,27048198
9/2/2015,89.89,27190527
9/1/2015,87.23,36097370
8/31/2015,89.43,32850666
8/28/2015,91.01,33215885
8/27/2015,89.73,42431375
8/26/2015,87.19,45124302
8/25/2015,83,52021230
8/24/2015,82.09,83710727
8/21/2015,86.06,62778680
8/20/2015,90.56,44598224
8/19/2015,95.31,23251271
8/18/2015,95.17,22278848
8/17/2015,93.93,18313531
8/14/2015,94.42,15929656
8/13/2015,93.43,17451768
8/12/2015,94.19,27120375
8/11/2015,93.62,22491031
8/10/2015,94.15,21624153
8/7/2015,94.3,23199145
8/6/2015,95.12,42271318
8/5/2015,96.44,29813174
8/4/2015,94.06,20136036
8/3/2015,94.14,29343117
7/31/2015,94.01,46509045
7/30/2015,95.21,86211323
7/29/2015,96.99,64648320
7/28/2015,95.29,35235993
7/27/2015,94.17,38585381
7/24/2015,96.95,33444930
7/23/2015,95.44,29418833
7/22/2015,97.04,28299518
7/21/2015,98.39,39453332
7/20/2015,97.91,54860541
7/17/2015,94.97,54001635
7/16/2015,90.85,21804086
7/15/2015,89.76,30886601
7/14/2015,89.68,26627849
7/13/2015,90.1,29976670
7/10/2015,87.95,23245873
7/9/2015,85.88,23307402
7/8/2015,85.65,24399340
7/7/2015,87.22,33059921
7/6/2015,87.55,24635915
7/2/2015,87.285,16908781
7/1/2015,86.91,25260045
6/30/2015,85.765,23233183
6/29/2015,85.8,35957872
6/26/2015,88.01,38214647
6/25/2015,87.98,27301967
6/24/2015,88.86,41370227
6/23/2015,87.88,50667853
6/22/2015,84.74,29383079
6/19/2015,82.51,23353194
6/18/2015,82.905,26782573
6/17/2015,81.79,18350287
6/16/2015,81.06,13693666
6/15/2015,80.71,18805087
6/12/2015,81.53,11417882
6/11/2015,81.83,18656811
6/10/2015,82.16,21531208
6/9/2015,80.67,16497538
6/8/2015,80.67,16915471
6/5/2015,82.14,16143093
6/4/2015,82.05,20863877
6/3/2015,82.44,31774993
6/2/2015,80.445,18923300
6/1/2015,80.29,18119012
5/29/2015,79.19,16134580
5/28/2015,80.145,11982008
5/27/2015,80.55,14160865
5/26/2015,79.335,16321339
5/22/2015,80.54,19567937
5/21/2015,80.48,13402749
5/20/2015,80.55,23056899
5/19/2015,80.63,17955389
5/18/2015,80.88,21613674
5/15/2015,80.42,27069884
5/14/2015,81.37,49437996
5/13/2015,78.44,21512309
5/12/2015,77.46,21285310
5/11/2015,78.01,18874054
5/8/2015,78.51,19943595
5/7/2015,78.425,19749428
5/6/2015,78.1,28663026
5/5/2015,77.56,22311318
5/4/2015,78.81,14691991
5/1/2015,78.99,24136358
